CMSInitiatingOccupancyFraction,UseCMSInitiatingOccupancyOnly,UseCMSInitiatingOccupancyOnly,CMSParallelRemarkEnabled,ScavengeBeforeFullGC,ConcGCThreads,ParallelGCThreads,UseParNewGC,CMSClassUnloadingEnabled,CMSAbortablePrecleanMinWorkPerIteration,CMSAbortablePrecleanWaitMillis,CMSBitMapYieldQuantum,CMSBootstrapOccupancy,CMSConcMarkMultiple,CMSCoordinatorYieldSleepCount,CMSExpAvgFactor,CMSIndexedFreeListReplenish,CMSIsTooFullPercentage,CMSLargeCoalSurplusPercent,CMSLargeSplitSurplusPercent,CMSMaxAbortablePrecleanLoops,CMSMaxAbortablePrecleanTime,CMSOldPLABMax,CMSOldPLABMin,CMSOldPLABNumRefills,CMSOldPLABReactivityFactor,CMSOldPLABToleranceFactor,CMSPrecleanDenominator,CMSPrecleanIter,OldPLABSize,UseCMSBestFit,UseCMSCollectionPassing,CMSPrecleanNumerator,CMSPrecleanThreshold,CMSRemarkVerifyVariant,CMSRescanMultiple,CMSSamplingGrain,CMSScheduleRemarkEdenPenetration,CMSScheduleRemarkEdenSizeThreshold,CMSScheduleRemarkSamplingRatio,CMSSmallCoalSurplusPercent,CMSSmallSplitSurplusPercent,CMSTriggerRatio,CMSWaitDuration,CMSWorkQueueDrainThreshold,CMS_FLSPadding,CMS_FLSWeight,CMS_SweepPadding,CMS_SweepTimerThresholdMillis,CMS_SweepWeight,CMSAbortSemantics,CMSCleanOnEnter,CMSCompactWhenClearAllSoftRefs,CMSDumpAtPromotionFailure,CMSExtrapolateSweep,CMSIncrementalMode,CMSIncrementalPacing,CMSLoopWarn,CMSOldPLABResizeQuicker,CMSPrecleanRefLists1,CMSPrecleanRefLists2,CMSPrecleanSurvivors1,CMSPrecleanSurvivors2,CMSPrecleaningEnabled,CMSReplenishIntermediate,CMSScavengeBeforeRemark,CMSSplitIndexedFreeListBlocks,CMSYield,ExplicitGCInvokesConcurrent,ExplicitGCInvokesConcurrentAndUnloadsClasses,CMSConcurrentMTEnabled,ParGCArrayScanChunk,ParGCUseLocalOverflow,ParGCTrimOverflow,ParGCDesiredObjsFromOverflowList,CMSParallelSurvivorRemarkEnabled,Mean,Stddv,Median,Per_75,Per_90,Per_95,Per_99,Throughput,Error
70,0,0,0,0,7,3,1,0,260,93,25089146,56,22,5,48,4,90,0,0,5,874,4560,17,2,2,4,4,3,1024,0,1,1,913,1,27,16633,52,2489217,3,3,1,69,1028,9,1,70,1,12,54,0,0,1,1,1,1,0,1,1,1,1,0,0,1,0,1,1,0,1,1,1,48,0,0,23,1,24.93,113.09,12.0,29.0,61.0,73.0,103.0,373.98,0
81,0,0,1,1,7,11,0,0,408,113,17017227,67,29,5,67,2,93,0,1,6,132,1389,13,3,4,3,2,3,256,0,1,0,836,2,32,15703,36,1568865,7,2,1,74,1652,11,2,74,1,6,60,1,0,0,1,0,1,0,1,1,0,0,0,0,0,0,0,0,0,1,1,0,51,1,1,38,1,31.26,113.27,13.0,39.0,66.0,81.0,305.0,311.31,0
62,0,0,0,0,4,10,0,0,349,100,28435464,55,44,9,43,4,95,1,1,10,668,1405,17,2,2,5,6,4,64,1,0,1,856,1,22,14387,52,2741566,3,3,2,86,1981,13,3,68,1,13,60,1,1,1,1,1,1,1,0,1,0,0,0,0,0,1,0,0,1,0,1,1,46,1,1,31,0,21.63,54.7,11.0,26.0,57.0,68.0,89.0,445.56,0
55,1,1,0,0,7,9,0,0,417,84,22317967,58,37,11,58,3,97,1,1,8,289,4343,14,4,4,3,2,2,512,1,1,0,828,1,28,16691,43,3961779,4,2,3,89,1754,13,3,53,1,7,78,0,0,0,0,1,1,1,0,1,0,0,0,0,1,1,1,0,0,1,0,1,57,0,0,16,1,21.59,43.88,11.0,26.0,57.0,68.0,94.0,434.51,0
57,0,0,0,0,5,5,1,1,102,64,13573731,48,20,6,47,2,93,1,0,10,129,4100,16,3,1,2,5,4,1024,0,0,1,1293,2,21,15607,64,2470873,6,2,2,84,1946,13,3,56,3,11,68,0,1,0,1,1,1,0,1,0,1,1,0,1,1,1,0,0,0,0,1,1,54,1,0,21,0,22.24,93.34,10.0,23.0,59.0,71.0,117.0,431.59,0
51,0,0,0,1,5,6,0,0,439,120,18214827,45,44,7,49,3,94,1,2,5,149,2231,14,3,4,3,5,2,256,1,1,1,1034,2,21,17834,50,2474896,9,1,2,75,1693,14,1,79,2,10,54,0,0,1,0,0,0,1,0,1,1,1,1,0,1,0,1,0,0,0,0,0,52,1,0,27,0,21.19,60.28,11.0,24.0,55.0,66.0,90.0,441.46,0
73,1,1,0,1,6,7,0,1,389,76,18439150,45,21,10,58,3,94,0,2,6,151,3447,13,2,4,5,3,6,128,0,1,1,1127,1,31,15143,38,1183921,8,2,2,88,1828,9,3,61,1,7,79,1,0,1,1,0,1,1,0,0,1,1,1,1,1,0,1,0,1,0,0,1,43,1,0,29,0,22.93,78.86,11.0,25.0,56.0,67.0,100.0,399.96,0
51,1,1,0,0,7,6,0,0,358,54,13542298,49,45,11,56,2,98,0,2,4,796,4570,13,4,2,5,3,5,64,1,0,1,1269,2,28,16241,65,3281475,4,2,2,61,1130,11,1,67,1,10,53,0,1,1,0,0,0,1,1,0,0,0,0,0,0,0,1,1,0,1,1,1,54,1,1,32,1,21.75,42.86,11.0,26.0,57.0,68.0,92.0,433.6,0
55,0,0,0,1,4,3,1,1,268,51,11091244,63,44,11,68,4,96,1,1,7,707,3891,15,3,3,3,2,4,256,0,0,0,881,1,34,14286,44,2423408,7,3,2,84,1668,10,1,52,2,8,69,0,0,0,0,1,1,0,0,0,0,0,0,0,0,0,0,1,0,1,1,0,55,1,0,36,0,17.08,59.1,5.0,14.0,48.0,66.0,192.0,540.54,0
79,1,1,1,0,5,1,0,0,492,121,21206666,48,32,5,55,4,92,1,2,5,706,1929,13,2,3,5,2,6,256,1,0,0,1055,1,24,15207,61,2552824,4,3,3,71,1757,14,1,73,1,13,58,0,0,0,1,0,0,1,1,0,1,1,0,0,1,1,0,0,1,0,0,0,48,1,1,26,1,21.99,44.09,11.0,27.0,57.0,68.0,91.0,427.46,0
